6.037322217088655352e-01,8.527456002745728014e-01,0.000000000000000000e+00
4.002489154525216142e-01,6.710372443874528248e-01,0.000000000000000000e+00
5.933156961356664816e-01,1.114899231058155360e+00,0.000000000000000000e+00
3.399743255533826947e-03,8.308181656619905153e-01,0.000000000000000000e+00
3.215892392644440489e-01,1.558014745865658357e+00,0.000000000000000000e+00
6.663690452844435175e-01,1.698813635145669521e-01,0.000000000000000000e+00
1.340006142872359196e-01,9.124727589570976738e-01,0.000000000000000000e+00
6.787338236688379434e-01,1.005522837416144899e+00,0.000000000000000000e+00
5.037236262414499510e-01,8.756481321163720466e-01,0.000000000000000000e+00
2.957465125900515801e-01,1.167720769040782924e+00,0.000000000000000000e+00
3.934206869160991049e-01,3.820193426685609683e-01,0.000000000000000000e+00
4.951998506126717436e-01,1.005147708629872794e+00,0.000000000000000000e+00
3.412450862197239365e-01,1.342929950488243485e+00,0.000000000000000000e+00
4.197223843762406537e-01,1.118887888982161405e+00,0.000000000000000000e+00
3.397371944717632042e-01,9.784735418635733817e-01,0.000000000000000000e+00
2.777722854190733948e-01,6.980332329260722224e-01,0.000000000000000000e+00
5.363565422345781819e-01,8.754531434360339759e-01,0.000000000000000000e+00
4.386996317489825215e-01,4.191773323570330834e-01,0.000000000000000000e+00
2.243610015878048647e-01,6.513966831422182135e-01,0.000000000000000000e+00
5.997916821035476076e-01,9.374946381988282784e-01,0.000000000000000000e+00
3.772192373686099054e-01,1.301293791964145852e+00,0.000000000000000000e+00
2.033117660418888306e-01,9.918580224559347958e-01,0.000000000000000000e+00
4.105217284881166884e-01,7.186521155118428261e-01,0.000000000000000000e+00
6.501150020030903587e-01,5.461574069216486027e-01,0.000000000000000000e+00
5.347880072304791454e-01,4.546923070162093294e-01,0.000000000000000000e+00
7.230326185119786420e-01,7.178877218767565349e-02,0.000000000000000000e+00
2.127761995394147621e-01,5.137546643256031276e-01,0.000000000000000000e+00
4.130827310913248729e-01,1.397899859884734752e+00,0.000000000000000000e+00
4.019069512925550480e-01,6.646614892064439672e-01,0.000000000000000000e+00
3.366763494108574450e-01,6.927706070179165954e-01,0.000000000000000000e+00
3.606662637456631293e-01,5.676585146530667148e-01,0.000000000000000000e+00
2.068213466447979543e-01,9.271326989021266840e-01,0.000000000000000000e+00
4.266361311043809224e-01,7.724378695674705142e-01,0.000000000000000000e+00
2.356123030256473683e-01,6.774330040013234466e-01,0.000000000000000000e+00
5.628114533167360989e-01,1.141268542281889786e+00,0.000000000000000000e+00
2.054921293255418391e-02,9.310591703153272558e-01,0.000000000000000000e+00
3.201806276835737486e-01,5.853804144726940661e-01,0.000000000000000000e+00
3.476850285165105081e-01,1.089871263559604619e+00,0.000000000000000000e+00
4.384236454510045400e-01,4.890387217390797514e-01,0.000000000000000000e+00
3.140178766514842290e-01,1.097228616960570058e+00,0.000000000000000000e+00
3.100918849643902186e-01,9.004461505265477506e-01,0.000000000000000000e+00
2.468046379519640288e-01,3.921130634638278489e-01,0.000000000000000000e+00
6.927912125065760485e-01,2.439565165076204023e-01,0.000000000000000000e+00
3.666164810022318754e-01,1.026743317363880248e+00,0.000000000000000000e+00
4.877799949138926783e-01,3.380810653396762455e-01,0.000000000000000000e+00
8.753983688535191821e-01,9.432736897430256118e-01,0.000000000000000000e+00
5.875250319596523330e-01,1.037938005253344897e+00,0.000000000000000000e+00
3.481925117024746719e-01,9.213066783181669273e-01,0.000000000000000000e+00
3.797457321533945773e-01,9.996979017207402451e-01,0.000000000000000000e+00
2.858255432496025206e-01,1.114164175223430808e+00,0.000000000000000000e+00
3.622332211313528116e-01,4.360662009409718709e-01,0.000000000000000000e+00
1.377821136409815850e-01,1.065209660083793031e+00,0.000000000000000000e+00
4.352338594217725065e-01,4.092043838781916909e-01,0.000000000000000000e+00
7.223814928164646876e-01,6.678538902477071382e-01,0.000000000000000000e+00
2.758679380067308728e-01,9.668135300188360759e-01,0.000000000000000000e+00
3.938246221904148081e-01,9.804458603450652010e-01,0.000000000000000000e+00
5.181172223174823621e-02,8.859641621911698017e-01,0.000000000000000000e+00
5.201255507591830973e-01,9.932341474945551862e-01,0.000000000000000000e+00
5.705094612604026949e-01,6.435703512324297826e-01,0.000000000000000000e+00
7.233706756541101734e-01,7.180262946895400455e-01,0.000000000000000000e+00
4.028060794212185436e-01,8.794948857341874371e-01,0.000000000000000000e+00
5.040641369276782635e-01,9.726230353261782202e-01,0.000000000000000000e+00
-2.484516897754529552e-03,6.086574259302263146e-01,0.000000000000000000e+00
2.862576632630064455e-01,2.612426000225368528e-01,0.000000000000000000e+00
2.504392460143356480e-01,2.778525695142053387e-01,0.000000000000000000e+00
2.296228937799431602e-01,8.472227921750958846e-01,0.000000000000000000e+00
4.934573926010097367e-01,9.798731760520111855e-01,0.000000000000000000e+00
4.195195134487791355e-01,9.648382665211607812e-01,0.000000000000000000e+00
5.099270678889873398e-01,3.086800333689368459e-01,0.000000000000000000e+00
6.708484488280526126e-01,6.030955193927042268e-01,0.000000000000000000e+00
6.289320347669962175e-01,7.615341456617715776e-01,0.000000000000000000e+00
5.019304528952146516e-01,6.854411567220353163e-01,0.000000000000000000e+00
2.624601488401170912e-01,9.694898595522507545e-01,0.000000000000000000e+00
4.144390696102744909e-01,8.001849398988107875e-01,0.000000000000000000e+00
2.097710643482993687e-01,7.288025814747973730e-01,0.000000000000000000e+00
5.111266851501079511e-01,9.076487853406476347e-01,0.000000000000000000e+00
2.010464080574262125e-01,7.239354024949998800e-01,0.000000000000000000e+00
2.630258623041821231e-01,2.373892890284139412e-01,0.000000000000000000e+00
5.759960169401741048e-01,1.815557266265426239e-01,0.000000000000000000e+00
1.692745014650848812e-01,8.896262914252387466e-01,0.000000000000000000e+00
4.554056187578221504e-01,7.185884625027229022e-01,0.000000000000000000e+00
3.429573203487180644e-01,9.215165804805542926e-01,0.000000000000000000e+00
3.619725294575160679e-01,8.782910911476633498e-01,0.000000000000000000e+00
2.852917063278052057e-01,8.494362331609525141e-01,0.000000000000000000e+00
4.680899439885216617e-01,9.585751422296363566e-01,0.000000000000000000e+00
5.814278246522028848e-01,1.024986000123586649e+00,0.000000000000000000e+00
2.480610367294466267e-01,1.117844566400615580e+00,0.000000000000000000e+00
3.584932020722669810e-01,-7.671915307444943100e-02,0.000000000000000000e+00
1.907752973646215655e-01,9.123947763286677226e-01,0.000000000000000000e+00
7.492522940102540607e-01,8.930372676054295633e-01,0.000000000000000000e+00
2.701872100173301483e-01,8.301362505224734178e-01,0.000000000000000000e+00
4.997669084364082526e-01,1.199133728958348577e+00,0.000000000000000000e+00
4.574062087544163435e-01,3.559791267508677914e-01,0.000000000000000000e+00
3.374921655454131697e-01,1.498528171201590098e+00,0.000000000000000000e+00
1.035795566347798013e-01,3.074511701328473956e-01,0.000000000000000000e+00
2.848194519260619506e-01,4.694281619865411370e-01,0.000000000000000000e+00
5.396825066172596941e-01,1.485781666516922339e+00,0.000000000000000000e+00
4.896074706598214088e-01,7.702305507592184242e-01,0.000000000000000000e+00
4.885273316982111647e-01,6.091120821784815620e-01,0.000000000000000000e+00
5.499839371985575376e-01,3.714750125525024260e-01,0.000000000000000000e+00
5.429024918868019522e-01,3.207959741722056224e-01,0.000000000000000000e+00
4.786889996530083735e-01,7.717096448646525442e-01,0.000000000000000000e+00
5.786022031707144242e-01,1.319461852121465828e+00,0.000000000000000000e+00
2.668184108216827832e-01,6.980428162993002061e-01,0.000000000000000000e+00
5.005859049337045841e-01,4.466894602400793279e-01,0.000000000000000000e+00
2.368895304028445503e-01,7.612307409516478884e-01,0.000000000000000000e+00
5.840494122281015832e-01,9.111443133326097010e-01,0.000000000000000000e+00
4.884129746736931010e-01,6.528625143160193822e-01,0.000000000000000000e+00
7.151998177632156173e-01,1.165789032750893961e+00,0.000000000000000000e+00
3.104686774169209684e-01,1.006788551827987321e-01,0.000000000000000000e+00
3.850488536875630308e-01,9.603366913490710699e-01,0.000000000000000000e+00
5.103033432168065930e-01,9.099981150725802159e-01,0.000000000000000000e+00
4.485073182035369532e-01,3.848220362208876755e-01,0.000000000000000000e+00
2.788336433967409933e-01,5.520853968886563212e-01,0.000000000000000000e+00
3.079498143809765720e-01,8.046581430125266943e-01,0.000000000000000000e+00
5.099798900332681573e-01,1.290464087898545609e+00,0.000000000000000000e+00
7.446009307654932741e-01,8.980493844004261428e-01,0.000000000000000000e+00
3.133465299261544712e-01,6.152544192686029145e-01,0.000000000000000000e+00
3.363750293991601970e-01,6.980962014596616694e-01,0.000000000000000000e+00
5.302496955997249017e-01,6.678319090629867283e-01,0.000000000000000000e+00
4.006590996931065907e-01,5.390059596669539710e-01,0.000000000000000000e+00
5.636872014360798655e-01,1.526853233965988821e+00,0.000000000000000000e+00
3.571621218291791688e-01,3.864342154582542932e-01,0.000000000000000000e+00
6.698451658808646236e-01,5.675921010942091005e-01,0.000000000000000000e+00
4.136434163515572693e-01,7.090804080267480991e-01,0.000000000000000000e+00
4.699674523068030907e-01,3.516537436249771442e-01,0.000000000000000000e+00
3.435212540804993830e-01,3.625283563880442594e-01,0.000000000000000000e+00
3.722632511727071991e-01,9.787856240746262149e-01,0.000000000000000000e+00
1.246119601773542085e-01,6.804843713953662165e-01,0.000000000000000000e+00
6.377269582703823936e-01,3.636577743810058827e-01,0.000000000000000000e+00
4.222670389683758074e-01,1.293299902127139855e+00,0.000000000000000000e+00
3.394904190890236650e-01,1.088477536839444593e+00,0.000000000000000000e+00
1.629157967414204822e-01,6.637847325838366341e-01,0.000000000000000000e+00
4.330431148822746490e-01,5.018983821158979897e-01,0.000000000000000000e+00
1.095880267291594601e-01,1.034123884177823971e+00,0.000000000000000000e+00
1.259714479393779785e-01,6.882758689894128423e-01,0.000000000000000000e+00
5.076151720878454565e-01,1.044308848659869726e+00,0.000000000000000000e+00
2.296923606553207542e-01,9.251654197749490383e-01,0.000000000000000000e+00
4.926547470805685558e-01,3.587436163494713837e-01,0.000000000000000000e+00
5.721924847603554465e-01,1.346912828941434492e-01,0.000000000000000000e+00
4.455591554784004149e-01,5.139264173248214718e-01,0.000000000000000000e+00
3.176403746283542606e-01,8.786078935853899319e-01,0.000000000000000000e+00
6.182599250688491921e-01,9.353270288703253721e-01,0.000000000000000000e+00
1.917725958261858044e-01,7.077221025940483301e-01,0.000000000000000000e+00
2.044186774989004696e-01,6.925930559470869774e-01,0.000000000000000000e+00
1.666190544876078872e-01,8.546931062738376550e-01,0.000000000000000000e+00
6.579965018308626679e-01,9.538093635041801077e-01,0.000000000000000000e+00
5.925346046913114728e-01,5.598736032770499360e-01,0.000000000000000000e+00
2.579369519772483077e-01,8.682189240303775923e-01,0.000000000000000000e+00
8.222256863254320258e-01,1.199427965732462464e+00,0.000000000000000000e+00
1.470659857758004341e-01,-4.763057386201641208e-03,0.000000000000000000e+00
5.745172490480027205e-01,8.726320788981680732e-01,0.000000000000000000e+00
4.881139094105499954e-01,8.029799370412148418e-01,0.000000000000000000e+00
2.465605987642975339e-01,8.484159153546382282e-01,0.000000000000000000e+00
4.546983112232195756e-01,2.084481544317782209e-01,0.000000000000000000e+00
8.342330531623578516e-01,7.277961682293523360e-01,0.000000000000000000e+00
1.254974807250480162e-01,9.471513520358909588e-01,0.000000000000000000e+00
6.789404971290773361e-01,1.012431474763755501e+00,0.000000000000000000e+00
4.254944948197508237e-01,4.724956790449554855e-01,0.000000000000000000e+00
3.310996514627160270e-01,7.411290401538837003e-01,0.000000000000000000e+00
1.119615259260539619e-01,6.769683782082668300e-01,0.000000000000000000e+00
5.568892312182398552e-01,8.223211024467091956e-01,0.000000000000000000e+00
3.322122440522299325e-01,1.192383488504433098e+00,0.000000000000000000e+00
2.248404809375487146e-01,4.936921827905987881e-01,0.000000000000000000e+00
1.123949394243636268e-01,6.599027098959246995e-01,0.000000000000000000e+00
1.923583356897471119e-01,1.029028639597887596e+00,0.000000000000000000e+00
3.744348165021920694e-01,8.507905808206893683e-01,0.000000000000000000e+00
6.188493622579318565e-01,1.314773220776720208e+00,0.000000000000000000e+00
4.509071853451186440e-01,1.147861085467369868e+00,0.000000000000000000e+00
1.919292162532969526e-01,8.234708470978927553e-01,0.000000000000000000e+00
4.861563289264047016e-01,8.856515775617390673e-01,0.000000000000000000e+00
2.698900338807573296e-01,1.150830051992770109e+00,0.000000000000000000e+00
2.224064963026876618e-01,7.397300635598964558e-01,0.000000000000000000e+00
1.443402342116886228e-01,7.052984041375854884e-01,0.000000000000000000e+00
6.148736719108657267e-01,-1.996922278049395594e-02,0.000000000000000000e+00
3.006078479356190103e-01,1.420495854332618269e+00,0.000000000000000000e+00
2.251541542867009082e-01,3.254633275512162083e-01,0.000000000000000000e+00
2.755658327053601697e-01,8.900988057019868505e-01,0.000000000000000000e+00
7.442081470338914873e-01,9.809461023907557475e-01,0.000000000000000000e+00
4.771640756558654384e-01,1.309691224943630772e+00,0.000000000000000000e+00
4.993639280766910549e-01,1.114400081085646699e+00,0.000000000000000000e+00
4.164735019208515854e-01,9.132866268316882641e-01,0.000000000000000000e+00
4.012185101261452336e-01,7.994695321011497935e-01,0.000000000000000000e+00
2.663725580519484826e-01,8.878170540687724266e-01,0.000000000000000000e+00
3.355489792477442390e-01,1.003657220356435564e+00,0.000000000000000000e+00
3.325812175499449075e-01,2.090328932530626238e-01,0.000000000000000000e+00
5.498768780411651402e-01,7.821780849540385105e-01,0.000000000000000000e+00
5.138320960448339303e-01,8.499323568611447666e-01,0.000000000000000000e+00
4.609694240837363677e-01,2.660204750791105299e-01,0.000000000000000000e+00
3.545829908836313771e-01,4.542490554838651273e-01,0.000000000000000000e+00
1.912032271970794117e-01,4.314038714090516202e-01,0.000000000000000000e+00
1.868926898192388719e-01,8.534160230229171917e-01,0.000000000000000000e+00
1.121682734777028623e-01,1.058059012037128266e+00,0.000000000000000000e+00
9.243292712384826304e-02,1.081878832556506520e+00,0.000000000000000000e+00
5.106972781847163301e-01,7.507593541280463967e-01,0.000000000000000000e+00
5.667176469140415840e-01,1.180433351407457643e+00,0.000000000000000000e+00
4.263313728907378031e-01,6.307101739362807047e-01,0.000000000000000000e+00
2.447991452267247459e-01,1.147882530032703352e+00,0.000000000000000000e+00
4.038024287201452678e-01,5.736390702765337135e-01,0.000000000000000000e+00
1.292124139480140821e-01,1.136309956799597787e+00,0.000000000000000000e+00
1.011956777347946090e+00,3.180826793832771671e-01,0.000000000000000000e+00
5.498157618664929469e-01,5.985557817860516217e-01,0.000000000000000000e+00
2.390800111446057530e-01,7.291873201022489592e-01,0.000000000000000000e+00
3.484699036923633031e-01,6.421384876818816423e-01,0.000000000000000000e+00
4.304952507452872168e-01,1.008743804143350298e+00,0.000000000000000000e+00
4.981582730209674348e-01,1.411848724555673673e+00,0.000000000000000000e+00
6.587822270522160073e-01,5.115798924089977051e-01,0.000000000000000000e+00
2.318691883297007705e-01,8.041607085606731209e-01,0.000000000000000000e+00
2.973659554811730610e-01,8.888998246592600960e-01,0.000000000000000000e+00
6.178561987657164023e-01,5.302642341393379866e-01,0.000000000000000000e+00
7.116383238602685957e-01,7.568657410831647336e-01,0.000000000000000000e+00
3.106874049301771024e-01,6.155592408180470265e-01,0.000000000000000000e+00
2.605489619289296233e-01,9.594667897279851587e-02,0.000000000000000000e+00
3.609937745735319337e-01,9.262833737649585064e-01,0.000000000000000000e+00
3.381896164233352264e-01,6.683927144874201032e-01,0.000000000000000000e+00
5.531937470918621980e-01,6.366076647195572091e-01,0.000000000000000000e+00
5.229379211922728921e-01,4.777542131130224634e-01,0.000000000000000000e+00
2.804780066335514355e-01,4.374419068239701058e-01,0.000000000000000000e+00
5.687784960136981205e-01,1.308992007356112097e+00,0.000000000000000000e+00
3.066747823869735434e-01,4.245706673554982546e-01,0.000000000000000000e+00
4.146291976832213733e-01,1.167810832723906067e+00,0.000000000000000000e+00
3.428251932887182440e-01,5.569806718107973564e-01,0.000000000000000000e+00
4.433681181048670372e-01,8.421563158281221151e-01,0.000000000000000000e+00
3.805862926285170644e-01,4.873473826661816055e-01,0.000000000000000000e+00
5.882752304322111936e-01,6.728880525642573218e-01,0.000000000000000000e+00
4.609361203334951251e-01,9.406996853637381584e-01,0.000000000000000000e+00
3.366975534631453937e-01,9.200193700263962215e-01,0.000000000000000000e+00
5.315948969174966177e-01,1.048443265357672072e+00,0.000000000000000000e+00
5.839539267586408844e-01,1.058444769393588336e+00,0.000000000000000000e+00
3.049267414151516364e-01,1.251084799295979266e+00,0.000000000000000000e+00
3.388859857662591679e-01,6.000095834515043469e-01,0.000000000000000000e+00
5.005561772718186697e-01,1.394059715210620665e+00,0.000000000000000000e+00
4.810487524079083976e-01,8.306334958890474462e-01,0.000000000000000000e+00
6.270454236791980218e-01,1.198661757059006350e+00,0.000000000000000000e+00
3.236159524414939925e-01,6.885177024611662810e-01,0.000000000000000000e+00
4.793884023438572672e-01,5.150658863540125143e-01,0.000000000000000000e+00
5.970912189041054363e-01,1.271524233961601968e+00,0.000000000000000000e+00
3.982647788295171076e-01,8.433289920743338719e-01,0.000000000000000000e+00
5.544102757739791665e-01,6.492414318289302377e-01,0.000000000000000000e+00
3.702175215449312606e-01,4.086039747465884941e-01,0.000000000000000000e+00
2.072911206003676399e-01,1.212736065250819451e+00,0.000000000000000000e+00
5.699874539404767848e-01,1.227118928504932871e+00,0.000000000000000000e+00
3.069196507316854783e-01,1.176030442161185130e+00,0.000000000000000000e+00
3.652761903480767902e-01,9.983185302455350740e-01,0.000000000000000000e+00
4.297336882925565926e-01,9.514655048450020303e-01,0.000000000000000000e+00
6.684419277176993912e-01,1.038233960754383789e+00,0.000000000000000000e+00
3.794455895359301056e-01,1.084213168755107759e+00,0.000000000000000000e+00
4.484406725463436216e-01,7.728570178615711272e-01,0.000000000000000000e+00
2.982725301496513826e-01,8.164850356217441263e-01,0.000000000000000000e+00
7.913294314929639750e-01,8.506855781311830622e-01,0.000000000000000000e+00
7.214861045149576491e-01,9.652961011438621064e-01,0.000000000000000000e+00
3.205505379159899748e-01,3.619291039338504712e-01,0.000000000000000000e+00
8.248688121194160949e-01,8.474252922766517537e-01,0.000000000000000000e+00
4.706864038402563954e-01,1.332161400675700769e+00,0.000000000000000000e+00
4.826640783408499003e-01,2.282148308743235932e-01,0.000000000000000000e+00
5.583577686324148193e-01,1.154234030807567812e+00,0.000000000000000000e+00
5.492811604813397919e-01,7.265537667043330261e-01,0.000000000000000000e+00
2.569269822972549133e-01,1.079002925580050398e+00,0.000000000000000000e+00
5.054847653647207562e-01,2.862105616638268568e-01,0.000000000000000000e+00
7.042031460633615403e-01,6.297487540402572082e-01,0.000000000000000000e+00
5.140279715951261430e-01,7.521693014849918368e-01,0.000000000000000000e+00
3.594064209600007498e-01,5.081907686963547111e-01,0.000000000000000000e+00
2.078521650924800845e-01,7.018724627372793234e-01,0.000000000000000000e+00
-6.510085745622268272e-02,6.556933806309964696e-01,0.000000000000000000e+00
1.683339056965669767e-01,8.098982859845271776e-01,0.000000000000000000e+00
2.920634313955842165e-01,8.249363450442963597e-01,0.000000000000000000e+00
4.973525819826452032e-01,1.373522137207907834e+00,0.000000000000000000e+00
1.680454933832238873e-01,9.423793513237677111e-01,0.000000000000000000e+00
5.171686233346778350e-01,7.401734267698010239e-01,0.000000000000000000e+00
6.619945311653695486e-01,1.009534712955822089e+00,0.000000000000000000e+00
5.263904409051781697e-01,7.083177492299836953e-01,0.000000000000000000e+00
4.973627376826483815e-01,1.183178202479444163e+00,0.000000000000000000e+00
1.811263780528168110e-01,1.043724644758107001e+00,0.000000000000000000e+00
3.849443685813260796e-01,1.569648134259782779e+00,0.000000000000000000e+00
3.247270884482326148e-01,1.503904206953939227e+00,0.000000000000000000e+00
3.388532306639198133e-01,5.778049989944376019e-01,0.000000000000000000e+00
2.201750208990072566e-01,9.920235891594725297e-01,0.000000000000000000e+00
4.573880837559890500e-01,8.145061400217695757e-01,0.000000000000000000e+00
5.096781955042797296e-01,1.114299975367034623e-01,1.000000000000000000e+00
4.729781572971439307e-01,6.515110665893777409e-01,1.000000000000000000e+00
4.087063382859912331e-01,5.587327271916742166e-01,1.000000000000000000e+00
6.481150685854244475e-01,5.283424037706949683e-01,1.000000000000000000e+00
5.386882998224411523e-01,6.954561077392416024e-01,1.000000000000000000e+00
4.517456759392510235e-01,6.597990589103874814e-01,1.000000000000000000e+00
1.960397440101914190e-01,5.817829465441453074e-01,1.000000000000000000e+00
8.171627868838083897e-01,7.492120038968343998e-01,1.000000000000000000e+00
5.097900642307139352e-01,6.891462379529557092e-01,1.000000000000000000e+00
5.986523577851050604e-01,3.113689183476756606e-01,1.000000000000000000e+00
6.429488811404105997e-01,6.613838083243347432e-01,1.000000000000000000e+00
4.988134514528538288e-01,6.678976422518557721e-01,1.000000000000000000e+00
3.313055449328172752e-01,5.486140280817298764e-01,1.000000000000000000e+00
8.731115718786079949e-01,6.612472111521459084e-01,1.000000000000000000e+00
8.723513254386210392e-01,3.957669675545883448e-01,1.000000000000000000e+00
7.454186246563312412e-01,4.050165830199320416e-01,1.000000000000000000e+00
1.416842087250842486e-01,4.458614737896678948e-01,1.000000000000000000e+00
3.722880351509705310e-02,6.007381319626813321e-01,1.000000000000000000e+00
6.014471565961096999e-01,7.770081064333067555e-01,1.000000000000000000e+00
2.547709317353954450e-01,7.951225930287517674e-01,1.000000000000000000e+00
7.798400504794746890e-01,7.329824310480956839e-01,1.000000000000000000e+00
4.040638962184870397e-01,4.188072388135221091e-01,1.000000000000000000e+00
7.694331720611693459e-01,5.503394759319522045e-01,1.000000000000000000e+00
2.969754166565909403e-01,6.039812978622560724e-01,1.000000000000000000e+00
6.912128749279925488e-01,5.945286533680431695e-01,1.000000000000000000e+00
6.290254505063499479e-01,1.491056292127769245e-01,1.000000000000000000e+00
5.309219337640077585e-01,6.166732983053908601e-01,1.000000000000000000e+00
8.979352432818901164e-01,7.256761013871670940e-01,1.000000000000000000e+00
2.840724744758351128e-01,7.186952407115307917e-01,1.000000000000000000e+00
5.917909140300062765e-01,2.277233789405784803e-01,1.000000000000000000e+00
5.881103729835556182e-01,5.060612848247196816e-01,1.000000000000000000e+00
1.518405070783945821e-01,7.061158853637020671e-01,1.000000000000000000e+00
4.373079537524204863e-02,5.905942489717947996e-01,1.000000000000000000e+00
4.596702213920092484e-01,2.330301320479117311e-01,1.000000000000000000e+00
2.823012629661825756e-01,2.042119230516755701e-01,1.000000000000000000e+00
7.264724432022382494e-01,4.327407601161950557e-01,1.000000000000000000e+00
7.030770267049822886e-01,3.355720663888149824e-01,1.000000000000000000e+00
4.891353633478390806e-01,5.383108742825357673e-01,1.000000000000000000e+00
2.607209959963032730e-01,3.885766755237873848e-01,1.000000000000000000e+00
4.899849857587978974e-01,8.014525748012961692e-01,1.000000000000000000e+00
1.737979004989950171e-01,7.900889135419434384e-01,1.000000000000000000e+00
8.416080006254552659e-01,6.460335253237436959e-01,1.000000000000000000e+00
8.487372201927054771e-01,1.873219613740909062e-01,1.000000000000000000e+00
8.880491076889420743e-01,2.554930363575024788e-01,1.000000000000000000e+00
6.630498753998439465e-01,7.115505839589399972e-01,1.000000000000000000e+00
6.099415127161742500e-01,4.105233200042136543e-01,1.000000000000000000e+00
6.759288752557104374e-01,5.960714781900219306e-01,1.000000000000000000e+00
7.361810154258100480e-01,3.680854450912792175e-01,1.000000000000000000e+00
6.521330369856389586e-01,5.876647029345916096e-01,1.000000000000000000e+00
6.347397525679954189e-01,5.989569238666856421e-01,1.000000000000000000e+00
6.903386749785325183e-01,4.532497929688288352e-01,1.000000000000000000e+00
5.239652046655767226e-01,4.803987861553817851e-01,1.000000000000000000e+00
9.780576954634634390e-01,5.048542166580214374e-01,1.000000000000000000e+00
5.777516690713785374e-01,6.120774173546594810e-01,1.000000000000000000e+00
6.712512939663434208e-01,3.553282790114367651e-01,1.000000000000000000e+00
8.301620259869986196e-01,5.891175207078925835e-01,1.000000000000000000e+00
3.854835279464831066e-01,6.733214332192638540e-01,1.000000000000000000e+00
7.365000140137691886e-01,6.077515731385128017e-01,1.000000000000000000e+00
4.540749486780051303e-01,7.760120056779011843e-01,1.000000000000000000e+00
5.916462467257570523e-01,6.376151205955520318e-01,1.000000000000000000e+00
4.247165301808618620e-01,1.320364893314073251e-01,1.000000000000000000e+00
5.305065512051746479e-01,7.386546070357187244e-01,1.000000000000000000e+00
5.514497099813298053e-01,5.042542692858246189e-01,1.000000000000000000e+00
2.836309207647360053e-01,9.466654952415587410e-01,1.000000000000000000e+00
7.794423978322571056e-01,4.534944340236404803e-01,1.000000000000000000e+00
8.699675090347130935e-01,7.896032258104164203e-01,1.000000000000000000e+00
4.709293502363512407e-01,2.705897277260901901e-01,1.000000000000000000e+00
8.474257364745851895e-01,6.351513189737451048e-01,1.000000000000000000e+00
4.896907440055870975e-01,4.865422402097681065e-01,1.000000000000000000e+00
5.402596949072284715e-01,8.145695623671602714e-01,0.000000000000000000e+00
2.294696150882949981e-01,7.720861625485502255e-01,0.000000000000000000e+00
6.412700400838562409e-01,4.525913499918965965e-01,0.000000000000000000e+00
1.997854018262262277e-01,7.576447044161201960e-01,0.000000000000000000e+00
5.657806096491965198e-01,6.683345370421321929e-01,0.000000000000000000e+00
2.752447118192463682e-01,1.049208503546533944e+00,0.000000000000000000e+00
3.088326800325730259e-01,1.138261202603810363e+00,0.000000000000000000e+00
4.191123177290190238e-01,1.043666556334729822e+00,0.000000000000000000e+00
4.501914769903245794e-01,1.163186935355916551e+00,0.000000000000000000e+00
4.740646381159964728e-01,5.991727664656463226e-01,0.000000000000000000e+00
3.347067025292917997e-01,7.170146796779514053e-01,0.000000000000000000e+00
5.780390857336978883e-01,1.643377590104834862e+00,0.000000000000000000e+00
5.074478816562310035e-01,9.030046780739044987e-01,0.000000000000000000e+00
1.870790276651020101e-01,7.811149669758751246e-01,0.000000000000000000e+00
6.069733758576836280e-01,6.242060105855579133e-01,0.000000000000000000e+00
6.803480017416061454e-01,2.475241085586904477e-01,0.000000000000000000e+00
1.238523626755160256e-01,6.630212848214781518e-01,0.000000000000000000e+00
7.088527128987520687e-01,7.846903628215736726e-01,0.000000000000000000e+00
8.857707671066278321e-02,6.426911675510654787e-01,0.000000000000000000e+00
2.567863369257228912e-01,3.218737728861582603e-01,0.000000000000000000e+00
2.498499812297349520e-01,8.945723642869739534e-01,0.000000000000000000e+00
2.376426272858146171e-01,1.048733188497769309e+00,0.000000000000000000e+00
6.102156134160461320e-01,1.048848792434224242e+00,0.000000000000000000e+00
2.302287873482041225e-01,7.175505032328083344e-01,0.000000000000000000e+00
3.737145234508738589e-01,9.527396070017084551e-01,0.000000000000000000e+00
4.341611816870737384e-01,6.327288605672919397e-01,0.000000000000000000e+00
2.443131154841893804e-01,4.211226935998462761e-01,0.000000000000000000e+00
6.299796838926021714e-01,7.118856530356481027e-01,0.000000000000000000e+00
5.948885714830998150e-01,8.778347159841947134e-01,0.000000000000000000e+00
4.545702428618310087e-01,6.056677582493845691e-01,0.000000000000000000e+00
4.264036999619732482e-01,8.010682373791182531e-01,0.000000000000000000e+00
4.959961014035521032e-01,6.147399731055368521e-01,0.000000000000000000e+00
2.291726729000737595e-01,5.774913284808662617e-01,0.000000000000000000e+00
2.109922565245283266e-01,3.200209949944134991e-01,0.000000000000000000e+00
3.476238456437635849e-01,4.455619775385349368e-01,0.000000000000000000e+00
3.999304456625069060e-01,1.000619649396810473e+00,0.000000000000000000e+00
6.173080523966815170e-01,4.707559921198758435e-01,0.000000000000000000e+00
1.538054819739047008e-01,9.712105124690173508e-01,0.000000000000000000e+00
4.990467587880071942e-01,1.594040731471012551e+00,0.000000000000000000e+00
5.156309135343587480e-01,1.273809050647265906e+00,0.000000000000000000e+00
1.377505264532872808e-01,1.150653541741808450e+00,0.000000000000000000e+00
4.065056722469942430e-01,8.396083910354787960e-01,0.000000000000000000e+00
4.451763575342344570e-01,7.469529403689525449e-01,0.000000000000000000e+00
2.513476219775236387e-01,7.975613306635618294e-01,0.000000000000000000e+00
7.843279452437121879e-01,5.686647115776528594e-01,0.000000000000000000e+00
4.813001377098622968e-01,6.612459543680330176e-01,0.000000000000000000e+00
3.120836674823332380e-01,8.025191085110247036e-01,0.000000000000000000e+00
4.589961233965195175e-01,6.217408906744799069e-01,0.000000000000000000e+00
2.479555006142034612e-01,7.580621094366539747e-01,0.000000000000000000e+00
9.151926185201086916e-02,5.444239331254908665e-01,0.000000000000000000e+00
1.417785065121658361e-01,8.112914872646685982e-01,0.000000000000000000e+00
5.597350477594653650e-01,1.109841865181345533e+00,0.000000000000000000e+00
4.251607258970304670e-01,6.124940088641653846e-01,0.000000000000000000e+00
4.283842378437754395e-01,3.945602839013807595e-01,0.000000000000000000e+00
4.882710081573652383e-01,8.254523738200307825e-01,0.000000000000000000e+00
5.630461519473548559e-01,9.011046597364938959e-01,0.000000000000000000e+00
1.456296814313312038e-01,6.689992748500553921e-01,0.000000000000000000e+00
4.948537432525059176e-01,5.889815299203922105e-01,0.000000000000000000e+00
4.276750672080191773e-01,1.191018827743792530e+00,0.000000000000000000e+00
4.177393144696526228e-01,9.762005041530686933e-01,0.000000000000000000e+00
1.644586464468386355e-01,1.038904495870623057e+00,0.000000000000000000e+00
4.927748573594205594e-01,1.088550599291040255e+00,0.000000000000000000e+00
1.691125396521362956e-01,3.198778933615502584e-01,0.000000000000000000e+00
5.697265157007058711e-01,8.414301157850144763e-01,0.000000000000000000e+00
4.768321536875280708e-01,5.045102523159656904e-01,0.000000000000000000e+00
5.096140780135992587e-01,3.836923025791266206e-01,0.000000000000000000e+00
3.202954154998245428e-01,5.577548650842958367e-01,0.000000000000000000e+00
3.458597349212365613e-01,1.177591507809178761e+00,0.000000000000000000e+00
2.666966527275553833e-01,9.981497374666490341e-01,0.000000000000000000e+00
6.805757972438915004e-01,1.058177911944390370e+00,0.000000000000000000e+00
6.762894419255998102e-01,2.628797475921961224e-01,0.000000000000000000e+00
1.379077037827819985e-01,5.508710865570863868e-01,0.000000000000000000e+00
3.222212286840140383e-01,6.504295211107201657e-01,0.000000000000000000e+00
3.383797333762816328e-01,8.845178654360965620e-01,0.000000000000000000e+00
2.774975660292342550e-01,7.649448741000727248e-01,0.000000000000000000e+00
4.993954195358287773e-01,6.893787612776507423e-01,0.000000000000000000e+00
1.748407830492687831e-01,8.514453992016548511e-01,0.000000000000000000e+00
3.965780546211822855e-01,1.006532068497512977e+00,0.000000000000000000e+00
7.187646824768634257e-01,6.521495149753903098e-01,0.000000000000000000e+00
2.764281834906311963e-01,9.910573635917661051e-01,0.000000000000000000e+00
6.075652973222051001e-01,1.039820335635447401e+00,0.000000000000000000e+00
1.735549917406805365e-01,1.201807079363848452e+00,0.000000000000000000e+00
4.047919781679692464e-01,3.935946310030202233e-01,0.000000000000000000e+00
8.198425221048690759e-01,8.759871939040717592e-01,0.000000000000000000e+00
5.368542121365587061e-01,1.168697036734859029e+00,0.000000000000000000e+00
6.747125932735533738e-01,9.125193185123892103e-01,0.000000000000000000e+00
4.538616695699347892e-01,3.401799905262419266e-01,0.000000000000000000e+00
1.295410955530912345e-01,8.997839972285430754e-01,0.000000000000000000e+00
2.385193228547734523e-01,8.267132933306146070e-01,0.000000000000000000e+00
3.044996603596022977e-01,1.416757570461451010e+00,0.000000000000000000e+00
5.430237905023937994e-01,4.915809180068437811e-01,0.000000000000000000e+00
5.881523736038281047e-01,9.656651895009165099e-01,0.000000000000000000e+00
2.028414357682077895e-01,3.004332858465361689e-01,0.000000000000000000e+00
5.692162843037598119e-01,1.160455027427607089e+00,0.000000000000000000e+00
3.830044530674815428e-01,9.434403319222682827e-01,0.000000000000000000e+00
6.887945153879635463e-01,1.154036415882988109e+00,0.000000000000000000e+00
1.790678926123137060e-01,1.024851653553314312e+00,0.000000000000000000e+00
6.275977681544503417e-01,1.049857775183011377e+00,0.000000000000000000e+00
6.644838558360515179e-01,7.918214523266914329e-01,0.000000000000000000e+00
6.880779812332352696e-01,1.657207180576417693e-01,0.000000000000000000e+00
6.786602507606802615e-01,9.120436882145335211e-01,0.000000000000000000e+00
2.549629437554953304e-01,1.021752020363809965e+00,0.000000000000000000e+00
3.050060630986812793e-01,2.936033150653393209e-01,0.000000000000000000e+00
2.350996989010860072e-01,6.298632750451340634e-01,0.000000000000000000e+00
1.732270769840451585e-01,1.081245890464127557e+00,0.000000000000000000e+00
1.413958135844059494e-01,5.522736151774614299e-01,0.000000000000000000e+00
6.849910676207091598e-01,8.236597352665712135e-01,0.000000000000000000e+00
4.230105550581588214e-01,1.060041694215199115e+00,0.000000000000000000e+00
3.695538881354001881e-01,7.790183592903276999e-01,0.000000000000000000e+00
4.960762665031034357e-01,6.563121413336793220e-01,0.000000000000000000e+00
9.454315363373571035e-01,8.119464542204345436e-01,0.000000000000000000e+00
3.974237417129208305e-01,7.293543615414156411e-01,0.000000000000000000e+00
6.575689570163786302e-01,1.421622596583645093e+00,0.000000000000000000e+00
4.566213487550132566e-01,1.233737953878609961e+00,0.000000000000000000e+00
2.450758900059731016e-01,4.610157576345056407e-01,0.000000000000000000e+00
3.300010458125917090e-01,1.627143306482378593e+00,0.000000000000000000e+00
3.676824332450606692e-02,7.158116889623110657e-01,0.000000000000000000e+00
3.996204011616792950e-01,7.532927692421064192e-01,0.000000000000000000e+00
4.066241904045304612e-01,1.026127148250155274e+00,0.000000000000000000e+00
5.253030201285898704e-01,8.713244994567860280e-01,0.000000000000000000e+00
2.013876644194092236e-01,7.016937544047666675e-01,0.000000000000000000e+00
6.316524269589914864e-01,6.423918892832080063e-01,0.000000000000000000e+00
1.285948617184744514e-01,9.334322319286321168e-01,0.000000000000000000e+00
2.202205237683306782e-01,9.591470946184510460e-01,0.000000000000000000e+00
4.805253973607155338e-01,4.482771952238864266e-01,1.000000000000000000e+00
6.763130982857521456e-01,4.740061800539101533e-01,1.000000000000000000e+00
2.761907927026510112e-01,5.115461112734417393e-01,1.000000000000000000e+00
2.899772705886000113e-01,6.861086432438512350e-01,1.000000000000000000e+00
4.811124818233575295e-01,2.779527982178523482e-01,1.000000000000000000e+00
5.137534061553205023e-01,5.532949225876905297e-01,1.000000000000000000e+00
4.558914546606018248e-01,4.770051459239164071e-01,1.000000000000000000e+00
5.750126328901224992e-01,6.351270522819445485e-01,1.000000000000000000e+00
7.155121599076770256e-01,4.061499587061672689e-01,1.000000000000000000e+00
6.800463275392953921e-01,7.238368837300823699e-01,1.000000000000000000e+00
1.712227367220582330e-01,2.411691657384170129e-01,1.000000000000000000e+00
7.032192538425512396e-01,7.308834823406111791e-01,1.000000000000000000e+00
2.285904052269374653e-01,5.067759100860252941e-01,1.000000000000000000e+00
6.539647660640671711e-01,5.510619751737769745e-01,1.000000000000000000e+00
7.070860146228337140e-01,4.222444659004038758e-01,1.000000000000000000e+00
6.503698344112208707e-01,3.326694534401995473e-01,1.000000000000000000e+00
5.588665704893454045e-01,3.338488790961722241e-01,1.000000000000000000e+00
6.973797214040825532e-01,4.583387890034015255e-01,1.000000000000000000e+00
6.062402837600751049e-01,6.038060283604238521e-01,1.000000000000000000e+00
7.533279110187302008e-01,7.567624782280010232e-01,1.000000000000000000e+00
6.109674254586965336e-01,3.487044399543582918e-01,1.000000000000000000e+00
4.255980320088311730e-01,4.869857150170693871e-01,1.000000000000000000e+00
2.578156071293133955e-01,1.049109246573938226e+00,0.000000000000000000e+00
2.096252988219567404e-01,6.264901599353470685e-01,0.000000000000000000e+00
5.201336600177156599e-01,9.762962744534791071e-01,0.000000000000000000e+00
4.409255286716413647e-01,5.627012691603270333e-01,0.000000000000000000e+00
1.452162161953298725e-01,6.688264982740732556e-01,0.000000000000000000e+00
3.803275441426824388e-01,9.582797441246440062e-01,0.000000000000000000e+00
2.064980543054106277e-01,8.256792528127065989e-01,0.000000000000000000e+00
